Cargo	Agrupacion	Seccion	Votos
DIPUTADOS NACIONALES	SOCIALISTA AUTÉNTICO	Comuna 15	774
DIPUTADOS NACIONALES	RENOVADOR FEDERAL	Comuna 15	142
DIPUTADOS NACIONALES	POLÍTICA OBRERA	Comuna 15	568
DIPUTADOS NACIONALES	MOVIMIENTO LIBRES DEL SUR	Comuna 15	474
DIPUTADOS NACIONALES	MOVIMIENTO AL SOCIALISMO	Comuna 15	320
DIPUTADOS NACIONALES	LA LIBERTAD AVANZA	Comuna 15	14153
DIPUTADOS NACIONALES	JUNTOS POR EL CAMBIO	Comuna 15	50033
DIPUTADOS NACIONALES	FRENTE DE TODOS	Comuna 15	31770
DIPUTADOS NACIONALES	FRENTE DE IZQUIERDA Y DE TRABAJADORES	Comuna 15	9164
DIPUTADOS NACIONALES	FEDERAL	Comuna 15	537
DIPUTADOS NACIONALES	DIGNIDAD POPULAR	Comuna 15	199
DIPUTADOS NACIONALES	AUTONOMISTA	Comuna 15	220
DIPUTADOS NACIONALES	AUTODETERMINACIÓN Y LIBERTAD	Comuna 15	4417
DIPUTADOS NACIONALES	APTITUD RENOVADORA	Comuna 15	437
DIPUTADOS NACIONALES		Comuna 15	3970
DIPUTADOS NACIONALES	SOCIALISTA AUTÉNTICO	Comuna 14	804
DIPUTADOS NACIONALES	RENOVADOR FEDERAL	Comuna 14	77
DIPUTADOS NACIONALES	POLÍTICA OBRERA	Comuna 14	341
DIPUTADOS NACIONALES	MOVIMIENTO LIBRES DEL SUR	Comuna 14	433
DIPUTADOS NACIONALES	MOVIMIENTO AL SOCIALISMO	Comuna 14	232
DIPUTADOS NACIONALES	LA LIBERTAD AVANZA	Comuna 14	17997
DIPUTADOS NACIONALES	JUNTOS POR EL CAMBIO	Comuna 14	83432
DIPUTADOS NACIONALES	FRENTE DE TODOS	Comuna 14	23847
DIPUTADOS NACIONALES	FRENTE DE IZQUIERDA Y DE TRABAJADORES	Comuna 14	7151
DIPUTADOS NACIONALES	FEDERAL	Comuna 14	541
DIPUTADOS NACIONALES	DIGNIDAD POPULAR	Comuna 14	169
DIPUTADOS NACIONALES	AUTONOMISTA	Comuna 14	217
DIPUTADOS NACIONALES	AUTODETERMINACIÓN Y LIBERTAD	Comuna 14	2675
DIPUTADOS NACIONALES	APTITUD RENOVADORA	Comuna 14	329
DIPUTADOS NACIONALES		Comuna 14	3517
DIPUTADOS NACIONALES	SOCIALISTA AUTÉNTICO	Comuna 13	1038
DIPUTADOS NACIONALES	RENOVADOR FEDERAL	Comuna 13	106
DIPUTADOS NACIONALES	POLÍTICA OBRERA	Comuna 13	394
DIPUTADOS NACIONALES	MOVIMIENTO LIBRES DEL SUR	Comuna 13	434
DIPUTADOS NACIONALES	MOVIMIENTO AL SOCIALISMO	Comuna 13	280
DIPUTADOS NACIONALES	LA LIBERTAD AVANZA	Comuna 13	19564
DIPUTADOS NACIONALES	JUNTOS POR EL CAMBIO	Comuna 13	91091
DIPUTADOS NACIONALES	FRENTE DE TODOS	Comuna 13	24305
DIPUTADOS NACIONALES	FRENTE DE IZQUIERDA Y DE TRABAJADORES	Comuna 13	8100
DIPUTADOS NACIONALES	FEDERAL	Comuna 13	571
DIPUTADOS NACIONALES	DIGNIDAD POPULAR	Comuna 13	190
DIPUTADOS NACIONALES	AUTONOMISTA	Comuna 13	216
DIPUTADOS NACIONALES	AUTODETERMINACIÓN Y LIBERTAD	Comuna 13	3247
DIPUTADOS NACIONALES	APTITUD RENOVADORA	Comuna 13	352
DIPUTADOS NACIONALES		Comuna 13	4031
DIPUTADOS NACIONALES	SOCIALISTA AUTÉNTICO	Comuna 12	1059
DIPUTADOS NACIONALES	RENOVADOR FEDERAL	Comuna 12	147
DIPUTADOS NACIONALES	POLÍTICA OBRERA	Comuna 12	514
DIPUTADOS NACIONALES	MOVIMIENTO LIBRES DEL SUR	Comuna 12	539
DIPUTADOS NACIONALES	MOVIMIENTO AL SOCIALISMO	Comuna 12	334
DIPUTADOS NACIONALES	LA LIBERTAD AVANZA	Comuna 12	18595
DIPUTADOS NACIONALES	JUNTOS POR EL CAMBIO	Comuna 12	68277
DIPUTADOS NACIONALES	FRENTE DE TODOS	Comuna 12	31065
DIPUTADOS NACIONALES	FRENTE DE IZQUIERDA Y DE TRABAJADORES	Comuna 12	8624
DIPUTADOS NACIONALES	FEDERAL	Comuna 12	702
DIPUTADOS NACIONALES	DIGNIDAD POPULAR	Comuna 12	220
DIPUTADOS NACIONALES	AUTONOMISTA	Comuna 12	274
DIPUTADOS NACIONALES	AUTODETERMINACIÓN Y LIBERTAD	Comuna 12	3882
DIPUTADOS NACIONALES	APTITUD RENOVADORA	Comuna 12	563
DIPUTADOS NACIONALES		Comuna 12	4462
DIPUTADOS NACIONALES	SOCIALISTA AUTÉNTICO	Comuna 11	923
DIPUTADOS NACIONALES	RENOVADOR FEDERAL	Comuna 11	136
DIPUTADOS NACIONALES	POLÍTICA OBRERA	Comuna 11	496
DIPUTADOS NACIONALES	MOVIMIENTO LIBRES DEL SUR	Comuna 11	486
DIPUTADOS NACIONALES	MOVIMIENTO AL SOCIALISMO	Comuna 11	304
DIPUTADOS NACIONALES	LA LIBERTAD AVANZA	Comuna 11	17935
DIPUTADOS NACIONALES	JUNTOS POR EL CAMBIO	Comuna 11	60219
DIPUTADOS NACIONALES	FRENTE DE TODOS	Comuna 11	29388
DIPUTADOS NACIONALES	FRENTE DE IZQUIERDA Y DE TRABAJADORES	Comuna 11	7489
DIPUTADOS NACIONALES	FEDERAL	Comuna 11	666
DIPUTADOS NACIONALES	DIGNIDAD POPULAR	Comuna 11	255
DIPUTADOS NACIONALES	AUTONOMISTA	Comuna 11	239
DIPUTADOS NACIONALES	AUTODETERMINACIÓN Y LIBERTAD	Comuna 11	4138
DIPUTADOS NACIONALES	APTITUD RENOVADORA	Comuna 11	537
DIPUTADOS NACIONALES		Comuna 11	4297
DIPUTADOS NACIONALES	SOCIALISTA AUTÉNTICO	Comuna 10	823
DIPUTADOS NACIONALES	RENOVADOR FEDERAL	Comuna 10	148
DIPUTADOS NACIONALES	POLÍTICA OBRERA	Comuna 10	426
DIPUTADOS NACIONALES	MOVIMIENTO LIBRES DEL SUR	Comuna 10	458
DIPUTADOS NACIONALES	MOVIMIENTO AL SOCIALISMO	Comuna 10	296
DIPUTADOS NACIONALES	LA LIBERTAD AVANZA	Comuna 10	16155
DIPUTADOS NACIONALES	JUNTOS POR EL CAMBIO	Comuna 10	48449
DIPUTADOS NACIONALES	FRENTE DE TODOS	Comuna 10	27716
DIPUTADOS NACIONALES	FRENTE DE IZQUIERDA Y DE TRABAJADORES	Comuna 10	6977
DIPUTADOS NACIONALES	FEDERAL	Comuna 10	606
DIPUTADOS NACIONALES	DIGNIDAD POPULAR	Comuna 10	266
DIPUTADOS NACIONALES	AUTONOMISTA	Comuna 10	251
DIPUTADOS NACIONALES	AUTODETERMINACIÓN Y LIBERTAD	Comuna 10	3446
DIPUTADOS NACIONALES	APTITUD RENOVADORA	Comuna 10	549
DIPUTADOS NACIONALES		Comuna 10	3728
DIPUTADOS NACIONALES	SOCIALISTA AUTÉNTICO	Comuna 9	731
DIPUTADOS NACIONALES	RENOVADOR FEDERAL	Comuna 9	182
DIPUTADOS NACIONALES	POLÍTICA OBRERA	Comuna 9	535
DIPUTADOS NACIONALES	MOVIMIENTO LIBRES DEL SUR	Comuna 9	408
DIPUTADOS NACIONALES	MOVIMIENTO AL SOCIALISMO	Comuna 9	320
DIPUTADOS NACIONALES	LA LIBERTAD AVANZA	Comuna 9	15686
DIPUTADOS NACIONALES	JUNTOS POR EL CAMBIO	Comuna 9	44029
DIPUTADOS NACIONALES	FRENTE DE TODOS	Comuna 9	30361
DIPUTADOS NACIONALES	FRENTE DE IZQUIERDA Y DE TRABAJADORES	Comuna 9	6141
DIPUTADOS NACIONALES	FEDERAL	Comuna 9	714
DIPUTADOS NACIONALES	DIGNIDAD POPULAR	Comuna 9	287
DIPUTADOS NACIONALES	AUTONOMISTA	Comuna 9	218
DIPUTADOS NACIONALES	AUTODETERMINACIÓN Y LIBERTAD	Comuna 9	2654
DIPUTADOS NACIONALES	APTITUD RENOVADORA	Comuna 9	561
DIPUTADOS NACIONALES		Comuna 9	3568
DIPUTADOS NACIONALES	SOCIALISTA AUTÉNTICO	Comuna 8	637
DIPUTADOS NACIONALES	RENOVADOR FEDERAL	Comuna 8	222
DIPUTADOS NACIONALES	POLÍTICA OBRERA	Comuna 8	597
DIPUTADOS NACIONALES	MOVIMIENTO LIBRES DEL SUR	Comuna 8	616
DIPUTADOS NACIONALES	MOVIMIENTO AL SOCIALISMO	Comuna 8	319
DIPUTADOS NACIONALES	LA LIBERTAD AVANZA	Comuna 8	14194
DIPUTADOS NACIONALES	JUNTOS POR EL CAMBIO	Comuna 8	33708
DIPUTADOS NACIONALES	FRENTE DE TODOS	Comuna 8	34190
DIPUTADOS NACIONALES	FRENTE DE IZQUIERDA Y DE TRABAJADORES	Comuna 8	5700
DIPUTADOS NACIONALES	FEDERAL	Comuna 8	559
DIPUTADOS NACIONALES	DIGNIDAD POPULAR	Comuna 8	362
DIPUTADOS NACIONALES	AUTONOMISTA	Comuna 8	229
DIPUTADOS NACIONALES	AUTODETERMINACIÓN Y LIBERTAD	Comuna 8	1849
DIPUTADOS NACIONALES	APTITUD RENOVADORA	Comuna 8	649
DIPUTADOS NACIONALES		Comuna 8	3905
DIPUTADOS NACIONALES	SOCIALISTA AUTÉNTICO	Comuna 7	760
DIPUTADOS NACIONALES	RENOVADOR FEDERAL	Comuna 7	160
DIPUTADOS NACIONALES	POLÍTICA OBRERA	Comuna 7	601
DIPUTADOS NACIONALES	MOVIMIENTO LIBRES DEL SUR	Comuna 7	517
DIPUTADOS NACIONALES	MOVIMIENTO AL SOCIALISMO	Comuna 7	361
DIPUTADOS NACIONALES	LA LIBERTAD AVANZA	Comuna 7	17613
DIPUTADOS NACIONALES	JUNTOS POR EL CAMBIO	Comuna 7	53696
DIPUTADOS NACIONALES	FRENTE DE TODOS	Comuna 7	32719
DIPUTADOS NACIONALES	FRENTE DE IZQUIERDA Y DE TRABAJADORES	Comuna 7	7816
DIPUTADOS NACIONALES	FEDERAL	Comuna 7	655
DIPUTADOS NACIONALES	DIGNIDAD POPULAR	Comuna 7	289
DIPUTADOS NACIONALES	AUTONOMISTA	Comuna 7	257
DIPUTADOS NACIONALES	AUTODETERMINACIÓN Y LIBERTAD	Comuna 7	3391
DIPUTADOS NACIONALES	APTITUD RENOVADORA	Comuna 7	531
DIPUTADOS NACIONALES		Comuna 7	4145
DIPUTADOS NACIONALES	SOCIALISTA AUTÉNTICO	Comuna 6	737
DIPUTADOS NACIONALES	RENOVADOR FEDERAL	Comuna 6	89
DIPUTADOS NACIONALES	POLÍTICA OBRERA	Comuna 6	371
DIPUTADOS NACIONALES	MOVIMIENTO LIBRES DEL SUR	Comuna 6	389
DIPUTADOS NACIONALES	MOVIMIENTO AL SOCIALISMO	Comuna 6	252
DIPUTADOS NACIONALES	LA LIBERTAD AVANZA	Comuna 6	14091
DIPUTADOS NACIONALES	JUNTOS POR EL CAMBIO	Comuna 6	57754
DIPUTADOS NACIONALES	FRENTE DE TODOS	Comuna 6	26796
DIPUTADOS NACIONALES	FRENTE DE IZQUIERDA Y DE TRABAJADORES	Comuna 6	7722
DIPUTADOS NACIONALES	FEDERAL	Comuna 6	528
DIPUTADOS NACIONALES	DIGNIDAD POPULAR	Comuna 6	190
DIPUTADOS NACIONALES	AUTONOMISTA	Comuna 6	226
DIPUTADOS NACIONALES	AUTODETERMINACIÓN Y LIBERTAD	Comuna 6	3821
DIPUTADOS NACIONALES	APTITUD RENOVADORA	Comuna 6	484
DIPUTADOS NACIONALES		Comuna 6	3406
DIPUTADOS NACIONALES	SOCIALISTA AUTÉNTICO	Comuna 5	861
DIPUTADOS NACIONALES	RENOVADOR FEDERAL	Comuna 5	150
DIPUTADOS NACIONALES	POLÍTICA OBRERA	Comuna 5	575
DIPUTADOS NACIONALES	MOVIMIENTO LIBRES DEL SUR	Comuna 5	442
DIPUTADOS NACIONALES	MOVIMIENTO AL SOCIALISMO	Comuna 5	296
DIPUTADOS NACIONALES	LA LIBERTAD AVANZA	Comuna 5	13552
DIPUTADOS NACIONALES	JUNTOS POR EL CAMBIO	Comuna 5	47686
DIPUTADOS NACIONALES	FRENTE DE TODOS	Comuna 5	30116
DIPUTADOS NACIONALES	FRENTE DE IZQUIERDA Y DE TRABAJADORES	Comuna 5	8397
DIPUTADOS NACIONALES	FEDERAL	Comuna 5	525
DIPUTADOS NACIONALES	DIGNIDAD POPULAR	Comuna 5	235
DIPUTADOS NACIONALES	AUTONOMISTA	Comuna 5	242
DIPUTADOS NACIONALES	AUTODETERMINACIÓN Y LIBERTAD	Comuna 5	3474
DIPUTADOS NACIONALES	APTITUD RENOVADORA	Comuna 5	498
DIPUTADOS NACIONALES		Comuna 5	3468
DIPUTADOS NACIONALES	SOCIALISTA AUTÉNTICO	Comuna 4	834
DIPUTADOS NACIONALES	RENOVADOR FEDERAL	Comuna 4	244
DIPUTADOS NACIONALES	POLÍTICA OBRERA	Comuna 4	812
DIPUTADOS NACIONALES	MOVIMIENTO LIBRES DEL SUR	Comuna 4	562
DIPUTADOS NACIONALES	MOVIMIENTO AL SOCIALISMO	Comuna 4	431
DIPUTADOS NACIONALES	LA LIBERTAD AVANZA	Comuna 4	16569
DIPUTADOS NACIONALES	JUNTOS POR EL CAMBIO	Comuna 4	47140
DIPUTADOS NACIONALES	FRENTE DE TODOS	Comuna 4	38850
DIPUTADOS NACIONALES	FRENTE DE IZQUIERDA Y DE TRABAJADORES	Comuna 4	8070
DIPUTADOS NACIONALES	FEDERAL	Comuna 4	677
DIPUTADOS NACIONALES	DIGNIDAD POPULAR	Comuna 4	367
DIPUTADOS NACIONALES	AUTONOMISTA	Comuna 4	308
DIPUTADOS NACIONALES	AUTODETERMINACIÓN Y LIBERTAD	Comuna 4	2726
DIPUTADOS NACIONALES	APTITUD RENOVADORA	Comuna 4	739
DIPUTADOS NACIONALES		Comuna 4	4510
DIPUTADOS NACIONALES	SOCIALISTA AUTÉNTICO	Comuna 3	728
DIPUTADOS NACIONALES	RENOVADOR FEDERAL	Comuna 3	153
DIPUTADOS NACIONALES	POLÍTICA OBRERA	Comuna 3	589
DIPUTADOS NACIONALES	MOVIMIENTO LIBRES DEL SUR	Comuna 3	404
DIPUTADOS NACIONALES	MOVIMIENTO AL SOCIALISMO	Comuna 3	307
DIPUTADOS NACIONALES	LA LIBERTAD AVANZA	Comuna 3	14665
DIPUTADOS NACIONALES	JUNTOS POR EL CAMBIO	Comuna 3	44490
DIPUTADOS NACIONALES	FRENTE DE TODOS	Comuna 3	28206
DIPUTADOS NACIONALES	FRENTE DE IZQUIERDA Y DE TRABAJADORES	Comuna 3	7163
DIPUTADOS NACIONALES	FEDERAL	Comuna 3	539
DIPUTADOS NACIONALES	DIGNIDAD POPULAR	Comuna 3	270
DIPUTADOS NACIONALES	AUTONOMISTA	Comuna 3	273
DIPUTADOS NACIONALES	AUTODETERMINACIÓN Y LIBERTAD	Comuna 3	2663
DIPUTADOS NACIONALES	APTITUD RENOVADORA	Comuna 3	545
DIPUTADOS NACIONALES		Comuna 3	3610
DIPUTADOS NACIONALES	SOCIALISTA AUTÉNTICO	Comuna 2	431
DIPUTADOS NACIONALES	RENOVADOR FEDERAL	Comuna 2	59
DIPUTADOS NACIONALES	POLÍTICA OBRERA	Comuna 2	206
DIPUTADOS NACIONALES	MOVIMIENTO LIBRES DEL SUR	Comuna 2	269
DIPUTADOS NACIONALES	MOVIMIENTO AL SOCIALISMO	Comuna 2	149
DIPUTADOS NACIONALES	LA LIBERTAD AVANZA	Comuna 2	12461
DIPUTADOS NACIONALES	JUNTOS POR EL CAMBIO	Comuna 2	59591
DIPUTADOS NACIONALES	FRENTE DE TODOS	Comuna 2	13022
DIPUTADOS NACIONALES	FRENTE DE IZQUIERDA Y DE TRABAJADORES	Comuna 2	3809
DIPUTADOS NACIONALES	FEDERAL	Comuna 2	351
DIPUTADOS NACIONALES	DIGNIDAD POPULAR	Comuna 2	103
DIPUTADOS NACIONALES	AUTONOMISTA	Comuna 2	117
DIPUTADOS NACIONALES	AUTODETERMINACIÓN Y LIBERTAD	Comuna 2	1482
DIPUTADOS NACIONALES	APTITUD RENOVADORA	Comuna 2	192
DIPUTADOS NACIONALES		Comuna 2	2039
DIPUTADOS NACIONALES	SOCIALISTA AUTÉNTICO	Comuna 1	687
DIPUTADOS NACIONALES	RENOVADOR FEDERAL	Comuna 1	143
DIPUTADOS NACIONALES	POLÍTICA OBRERA	Comuna 1	547
DIPUTADOS NACIONALES	MOVIMIENTO LIBRES DEL SUR	Comuna 1	462
DIPUTADOS NACIONALES	MOVIMIENTO AL SOCIALISMO	Comuna 1	316
DIPUTADOS NACIONALES	LA LIBERTAD AVANZA	Comuna 1	15322
DIPUTADOS NACIONALES	JUNTOS POR EL CAMBIO	Comuna 1	51610
DIPUTADOS NACIONALES	FRENTE DE TODOS	Comuna 1	28116
DIPUTADOS NACIONALES	FRENTE DE IZQUIERDA Y DE TRABAJADORES	Comuna 1	6435
DIPUTADOS NACIONALES	FEDERAL	Comuna 1	557
DIPUTADOS NACIONALES	DIGNIDAD POPULAR	Comuna 1	250
DIPUTADOS NACIONALES	AUTONOMISTA	Comuna 1	193
DIPUTADOS NACIONALES	AUTODETERMINACIÓN Y LIBERTAD	Comuna 1	2415
DIPUTADOS NACIONALES	APTITUD RENOVADORA	Comuna 1	496
DIPUTADOS NACIONALES		Comuna 1	3355
DIPUTADOS PROVINCIALES	SOCIALISTA AUTÉNTICO	Comuna 15	838
DIPUTADOS PROVINCIALES	POLÍTICA OBRERA	Comuna 15	645
DIPUTADOS PROVINCIALES	MOVIMIENTO LIBRES DEL SUR	Comuna 15	546
DIPUTADOS PROVINCIALES	MOVIMIENTO AL SOCIALISMO	Comuna 15	351
DIPUTADOS PROVINCIALES	LA LIBERTAD AVANZA	Comuna 15	14353
DIPUTADOS PROVINCIALES	JUNTOS POR EL CAMBIO	Comuna 15	51403
DIPUTADOS PROVINCIALES	FRENTE DE TODOS	Comuna 15	32361
DIPUTADOS PROVINCIALES	FRENTE DE IZQUIERDA Y DE TRABAJADORES	Comuna 15	9483
DIPUTADOS PROVINCIALES	FEDERAL	Comuna 15	525
DIPUTADOS PROVINCIALES	AUTONOMISTA	Comuna 15	233
DIPUTADOS PROVINCIALES	AUTODETERMINACIÓN Y LIBERTAD	Comuna 15	4396
DIPUTADOS PROVINCIALES		Comuna 15	5342
DIPUTADOS PROVINCIALES	SOCIALISTA AUTÉNTICO	Comuna 14	858
DIPUTADOS PROVINCIALES	POLÍTICA OBRERA	Comuna 14	378
DIPUTADOS PROVINCIALES	MOVIMIENTO LIBRES DEL SUR	Comuna 14	530
DIPUTADOS PROVINCIALES	MOVIMIENTO AL SOCIALISMO	Comuna 14	255
DIPUTADOS PROVINCIALES	LA LIBERTAD AVANZA	Comuna 14	18426
DIPUTADOS PROVINCIALES	JUNTOS POR EL CAMBIO	Comuna 14	85769
DIPUTADOS PROVINCIALES	FRENTE DE TODOS	Comuna 14	24137
DIPUTADOS PROVINCIALES	FRENTE DE IZQUIERDA Y DE TRABAJADORES	Comuna 14	7188
DIPUTADOS PROVINCIALES	FEDERAL	Comuna 14	536
DIPUTADOS PROVINCIALES	AUTONOMISTA	Comuna 14	250
DIPUTADOS PROVINCIALES	AUTODETERMINACIÓN Y LIBERTAD	Comuna 14	2684
DIPUTADOS PROVINCIALES		Comuna 14	4608
DIPUTADOS PROVINCIALES	SOCIALISTA AUTÉNTICO	Comuna 13	1095
DIPUTADOS PROVINCIALES	POLÍTICA OBRERA	Comuna 13	436
DIPUTADOS PROVINCIALES	MOVIMIENTO LIBRES DEL SUR	Comuna 13	517
DIPUTADOS PROVINCIALES	MOVIMIENTO AL SOCIALISMO	Comuna 13	301
DIPUTADOS PROVINCIALES	LA LIBERTAD AVANZA	Comuna 13	19721
DIPUTADOS PROVINCIALES	JUNTOS POR EL CAMBIO	Comuna 13	93009
DIPUTADOS PROVINCIALES	FRENTE DE TODOS	Comuna 13	24587
DIPUTADOS PROVINCIALES	FRENTE DE IZQUIERDA Y DE TRABAJADORES	Comuna 13	8218
DIPUTADOS PROVINCIALES	FEDERAL	Comuna 13	578
DIPUTADOS PROVINCIALES	AUTONOMISTA	Comuna 13	232
DIPUTADOS PROVINCIALES	AUTODETERMINACIÓN Y LIBERTAD	Comuna 13	3271
DIPUTADOS PROVINCIALES		Comuna 13	5314
DIPUTADOS PROVINCIALES	SOCIALISTA AUTÉNTICO	Comuna 12	1095
DIPUTADOS PROVINCIALES	POLÍTICA OBRERA	Comuna 12	583
DIPUTADOS PROVINCIALES	MOVIMIENTO LIBRES DEL SUR	Comuna 12	615
DIPUTADOS PROVINCIALES	MOVIMIENTO AL SOCIALISMO	Comuna 12	372
DIPUTADOS PROVINCIALES	LA LIBERTAD AVANZA	Comuna 12	18484
DIPUTADOS PROVINCIALES	JUNTOS POR EL CAMBIO	Comuna 12	69274
DIPUTADOS PROVINCIALES	FRENTE DE TODOS	Comuna 12	31087
DIPUTADOS PROVINCIALES	FRENTE DE IZQUIERDA Y DE TRABAJADORES	Comuna 12	8682
DIPUTADOS PROVINCIALES	FEDERAL	Comuna 12	707
DIPUTADOS PROVINCIALES	AUTONOMISTA	Comuna 12	319
DIPUTADOS PROVINCIALES	AUTODETERMINACIÓN Y LIBERTAD	Comuna 12	3873
DIPUTADOS PROVINCIALES		Comuna 12	5779
DIPUTADOS PROVINCIALES	SOCIALISTA AUTÉNTICO	Comuna 11	971
DIPUTADOS PROVINCIALES	POLÍTICA OBRERA	Comuna 11	534
DIPUTADOS PROVINCIALES	MOVIMIENTO LIBRES DEL SUR	Comuna 11	533
DIPUTADOS PROVINCIALES	MOVIMIENTO AL SOCIALISMO	Comuna 11	328
DIPUTADOS PROVINCIALES	LA LIBERTAD AVANZA	Comuna 11	17758
DIPUTADOS PROVINCIALES	JUNTOS POR EL CAMBIO	Comuna 11	61114
DIPUTADOS PROVINCIALES	FRENTE DE TODOS	Comuna 11	29693
DIPUTADOS PROVINCIALES	FRENTE DE IZQUIERDA Y DE TRABAJADORES	Comuna 11	7638
DIPUTADOS PROVINCIALES	FEDERAL	Comuna 11	684
DIPUTADOS PROVINCIALES	AUTONOMISTA	Comuna 11	250
DIPUTADOS PROVINCIALES	AUTODETERMINACIÓN Y LIBERTAD	Comuna 11	4161
DIPUTADOS PROVINCIALES		Comuna 11	5525
DIPUTADOS PROVINCIALES	SOCIALISTA AUTÉNTICO	Comuna 10	842
DIPUTADOS PROVINCIALES	POLÍTICA OBRERA	Comuna 10	481
DIPUTADOS PROVINCIALES	MOVIMIENTO LIBRES DEL SUR	Comuna 10	517
DIPUTADOS PROVINCIALES	MOVIMIENTO AL SOCIALISMO	Comuna 10	312
DIPUTADOS PROVINCIALES	LA LIBERTAD AVANZA	Comuna 10	16136
DIPUTADOS PROVINCIALES	JUNTOS POR EL CAMBIO	Comuna 10	49143
DIPUTADOS PROVINCIALES	FRENTE DE TODOS	Comuna 10	28494
DIPUTADOS PROVINCIALES	FRENTE DE IZQUIERDA Y DE TRABAJADORES	Comuna 10	7163
DIPUTADOS PROVINCIALES	FEDERAL	Comuna 10	604
DIPUTADOS PROVINCIALES	AUTONOMISTA	Comuna 10	265
DIPUTADOS PROVINCIALES	AUTODETERMINACIÓN Y LIBERTAD	Comuna 10	3452
DIPUTADOS PROVINCIALES		Comuna 10	4928
DIPUTADOS PROVINCIALES	SOCIALISTA AUTÉNTICO	Comuna 9	796
DIPUTADOS PROVINCIALES	POLÍTICA OBRERA	Comuna 9	586
DIPUTADOS PROVINCIALES	MOVIMIENTO LIBRES DEL SUR	Comuna 9	477
DIPUTADOS PROVINCIALES	MOVIMIENTO AL SOCIALISMO	Comuna 9	359
DIPUTADOS PROVINCIALES	LA LIBERTAD AVANZA	Comuna 9	15651
DIPUTADOS PROVINCIALES	JUNTOS POR EL CAMBIO	Comuna 9	44562
DIPUTADOS PROVINCIALES	FRENTE DE TODOS	Comuna 9	32338
DIPUTADOS PROVINCIALES	FRENTE DE IZQUIERDA Y DE TRABAJADORES	Comuna 9	6663
DIPUTADOS PROVINCIALES	FEDERAL	Comuna 9	718
DIPUTADOS PROVINCIALES	AUTONOMISTA	Comuna 9	227
DIPUTADOS PROVINCIALES	AUTODETERMINACIÓN Y LIBERTAD	Comuna 9	2705
DIPUTADOS PROVINCIALES		Comuna 9	4917
DIPUTADOS PROVINCIALES	SOCIALISTA AUTÉNTICO	Comuna 8	715
DIPUTADOS PROVINCIALES	POLÍTICA OBRERA	Comuna 8	814
DIPUTADOS PROVINCIALES	MOVIMIENTO LIBRES DEL SUR	Comuna 8	778
DIPUTADOS PROVINCIALES	MOVIMIENTO AL SOCIALISMO	Comuna 8	391
DIPUTADOS PROVINCIALES	LA LIBERTAD AVANZA	Comuna 8	14459
DIPUTADOS PROVINCIALES	JUNTOS POR EL CAMBIO	Comuna 8	35211
DIPUTADOS PROVINCIALES	FRENTE DE TODOS	Comuna 8	38430
DIPUTADOS PROVINCIALES	FRENTE DE IZQUIERDA Y DE TRABAJADORES	Comuna 8	7011
DIPUTADOS PROVINCIALES	FEDERAL	Comuna 8	582
DIPUTADOS PROVINCIALES	AUTONOMISTA	Comuna 8	264
DIPUTADOS PROVINCIALES	AUTODETERMINACIÓN Y LIBERTAD	Comuna 8	1996
DIPUTADOS PROVINCIALES		Comuna 8	5665
DIPUTADOS PROVINCIALES	SOCIALISTA AUTÉNTICO	Comuna 7	842
DIPUTADOS PROVINCIALES	POLÍTICA OBRERA	Comuna 7	895
DIPUTADOS PROVINCIALES	MOVIMIENTO LIBRES DEL SUR	Comuna 7	616
DIPUTADOS PROVINCIALES	MOVIMIENTO AL SOCIALISMO	Comuna 7	427
DIPUTADOS PROVINCIALES	LA LIBERTAD AVANZA	Comuna 7	17957
DIPUTADOS PROVINCIALES	JUNTOS POR EL CAMBIO	Comuna 7	55003
DIPUTADOS PROVINCIALES	FRENTE DE TODOS	Comuna 7	35421
DIPUTADOS PROVINCIALES	FRENTE DE IZQUIERDA Y DE TRABAJADORES	Comuna 7	8862
DIPUTADOS PROVINCIALES	FEDERAL	Comuna 7	677
DIPUTADOS PROVINCIALES	AUTONOMISTA	Comuna 7	285
DIPUTADOS PROVINCIALES	AUTODETERMINACIÓN Y LIBERTAD	Comuna 7	3462
DIPUTADOS PROVINCIALES		Comuna 7	5731
DIPUTADOS PROVINCIALES	SOCIALISTA AUTÉNTICO	Comuna 6	799
DIPUTADOS PROVINCIALES	POLÍTICA OBRERA	Comuna 6	414
DIPUTADOS PROVINCIALES	MOVIMIENTO LIBRES DEL SUR	Comuna 6	460
DIPUTADOS PROVINCIALES	MOVIMIENTO AL SOCIALISMO	Comuna 6	279
DIPUTADOS PROVINCIALES	LA LIBERTAD AVANZA	Comuna 6	14254
DIPUTADOS PROVINCIALES	JUNTOS POR EL CAMBIO	Comuna 6	58452
DIPUTADOS PROVINCIALES	FRENTE DE TODOS	Comuna 6	26947
DIPUTADOS PROVINCIALES	FRENTE DE IZQUIERDA Y DE TRABAJADORES	Comuna 6	7852
DIPUTADOS PROVINCIALES	FEDERAL	Comuna 6	518
DIPUTADOS PROVINCIALES	AUTONOMISTA	Comuna 6	235
DIPUTADOS PROVINCIALES	AUTODETERMINACIÓN Y LIBERTAD	Comuna 6	3797
DIPUTADOS PROVINCIALES		Comuna 6	4418
DIPUTADOS PROVINCIALES	SOCIALISTA AUTÉNTICO	Comuna 5	919
DIPUTADOS PROVINCIALES	POLÍTICA OBRERA	Comuna 5	646
DIPUTADOS PROVINCIALES	MOVIMIENTO LIBRES DEL SUR	Comuna 5	521
DIPUTADOS PROVINCIALES	MOVIMIENTO AL SOCIALISMO	Comuna 5	322
DIPUTADOS PROVINCIALES	LA LIBERTAD AVANZA	Comuna 5	13895
DIPUTADOS PROVINCIALES	JUNTOS POR EL CAMBIO	Comuna 5	49412
DIPUTADOS PROVINCIALES	FRENTE DE TODOS	Comuna 5	30772
DIPUTADOS PROVINCIALES	FRENTE DE IZQUIERDA Y DE TRABAJADORES	Comuna 5	8604
DIPUTADOS PROVINCIALES	FEDERAL	Comuna 5	537
DIPUTADOS PROVINCIALES	AUTONOMISTA	Comuna 5	260
DIPUTADOS PROVINCIALES	AUTODETERMINACIÓN Y LIBERTAD	Comuna 5	3431
DIPUTADOS PROVINCIALES		Comuna 5	4795
DIPUTADOS PROVINCIALES	SOCIALISTA AUTÉNTICO	Comuna 4	901
DIPUTADOS PROVINCIALES	POLÍTICA OBRERA	Comuna 4	952
DIPUTADOS PROVINCIALES	MOVIMIENTO LIBRES DEL SUR	Comuna 4	671
DIPUTADOS PROVINCIALES	MOVIMIENTO AL SOCIALISMO	Comuna 4	490
DIPUTADOS PROVINCIALES	LA LIBERTAD AVANZA	Comuna 4	16578
DIPUTADOS PROVINCIALES	JUNTOS POR EL CAMBIO	Comuna 4	48712
DIPUTADOS PROVINCIALES	FRENTE DE TODOS	Comuna 4	41379
DIPUTADOS PROVINCIALES	FRENTE DE IZQUIERDA Y DE TRABAJADORES	Comuna 4	8809
DIPUTADOS PROVINCIALES	FEDERAL	Comuna 4	754
DIPUTADOS PROVINCIALES	AUTONOMISTA	Comuna 4	293
DIPUTADOS PROVINCIALES	AUTODETERMINACIÓN Y LIBERTAD	Comuna 4	2800
DIPUTADOS PROVINCIALES		Comuna 4	6661
DIPUTADOS PROVINCIALES	SOCIALISTA AUTÉNTICO	Comuna 3	815
DIPUTADOS PROVINCIALES	POLÍTICA OBRERA	Comuna 3	683
DIPUTADOS PROVINCIALES	MOVIMIENTO LIBRES DEL SUR	Comuna 3	495
DIPUTADOS PROVINCIALES	MOVIMIENTO AL SOCIALISMO	Comuna 3	364
DIPUTADOS PROVINCIALES	LA LIBERTAD AVANZA	Comuna 3	15229
DIPUTADOS PROVINCIALES	JUNTOS POR EL CAMBIO	Comuna 3	47290
DIPUTADOS PROVINCIALES	FRENTE DE TODOS	Comuna 3	29474
DIPUTADOS PROVINCIALES	FRENTE DE IZQUIERDA Y DE TRABAJADORES	Comuna 3	7493
DIPUTADOS PROVINCIALES	FEDERAL	Comuna 3	530
DIPUTADOS PROVINCIALES	AUTONOMISTA	Comuna 3	266
DIPUTADOS PROVINCIALES	AUTODETERMINACIÓN Y LIBERTAD	Comuna 3	2703
DIPUTADOS PROVINCIALES		Comuna 3	5144
DIPUTADOS PROVINCIALES	SOCIALISTA AUTÉNTICO	Comuna 2	459
DIPUTADOS PROVINCIALES	POLÍTICA OBRERA	Comuna 2	228
DIPUTADOS PROVINCIALES	MOVIMIENTO LIBRES DEL SUR	Comuna 2	319
DIPUTADOS PROVINCIALES	MOVIMIENTO AL SOCIALISMO	Comuna 2	166
DIPUTADOS PROVINCIALES	LA LIBERTAD AVANZA	Comuna 2	12548
DIPUTADOS PROVINCIALES	JUNTOS POR EL CAMBIO	Comuna 2	60832
DIPUTADOS PROVINCIALES	FRENTE DE TODOS	Comuna 2	13137
DIPUTADOS PROVINCIALES	FRENTE DE IZQUIERDA Y DE TRABAJADORES	Comuna 2	3803
DIPUTADOS PROVINCIALES	FEDERAL	Comuna 2	356
DIPUTADOS PROVINCIALES	AUTONOMISTA	Comuna 2	149
DIPUTADOS PROVINCIALES	AUTODETERMINACIÓN Y LIBERTAD	Comuna 2	1468
DIPUTADOS PROVINCIALES		Comuna 2	2732
DIPUTADOS PROVINCIALES	SOCIALISTA AUTÉNTICO	Comuna 1	869
DIPUTADOS PROVINCIALES	POLÍTICA OBRERA	Comuna 1	685
DIPUTADOS PROVINCIALES	MOVIMIENTO LIBRES DEL SUR	Comuna 1	577
DIPUTADOS PROVINCIALES	MOVIMIENTO AL SOCIALISMO	Comuna 1	376
DIPUTADOS PROVINCIALES	LA LIBERTAD AVANZA	Comuna 1	16213
DIPUTADOS PROVINCIALES	JUNTOS POR EL CAMBIO	Comuna 1	55165
DIPUTADOS PROVINCIALES	FRENTE DE TODOS	Comuna 1	30334
DIPUTADOS PROVINCIALES	FRENTE DE IZQUIERDA Y DE TRABAJADORES	Comuna 1	7078
DIPUTADOS PROVINCIALES	FEDERAL	Comuna 1	570
DIPUTADOS PROVINCIALES	AUTONOMISTA	Comuna 1	225
DIPUTADOS PROVINCIALES	AUTODETERMINACIÓN Y LIBERTAD	Comuna 1	2484
DIPUTADOS PROVINCIALES		Comuna 1	4884
